year,month_number,month_name,month_start,segment,brand,model,registrations,source_object_id
2025,1,Januar,2025-01-01,KOMPAKTKLASSE,AUDI,A3,2321,18743
2025,1,Januar,2025-01-01,KOMPAKTKLASSE,BMW,1ER,1463,18744
2025,1,Januar,2025-01-01,KOMPAKTKLASSE,MERCEDES,A-KLASSE,645,18760
2025,2,Februar,2025-02-01,KOMPAKTKLASSE,AUDI,A3,2254,21911
2025,2,Februar,2025-02-01,KOMPAKTKLASSE,BMW,1ER,1455,21912
2025,2,Februar,2025-02-01,KOMPAKTKLASSE,MERCEDES,A-KLASSE,1257,21927
2025,3,März,2025-03-01,KOMPAKTKLASSE,AUDI,A3,2718,21723
2025,3,März,2025-03-01,KOMPAKTKLASSE,BMW,1ER,1933,21724
2025,3,März,2025-03-01,KOMPAKTKLASSE,MERCEDES,A-KLASSE,1629,21739
2025,4,April,2025-04-01,KOMPAKTKLASSE,AUDI,A3,2444,21830
2025,4,April,2025-04-01,KOMPAKTKLASSE,BMW,1ER,2130,21831
2025,4,April,2025-04-01,KOMPAKTKLASSE,MERCEDES,A-KLASSE,1480,21846
2025,5,Mai,2025-05-01,KOMPAKTKLASSE,AUDI,A3,2792,20362
2025,5,Mai,2025-05-01,KOMPAKTKLASSE,BMW,1ER,1858,20363
2025,5,Mai,2025-05-01,KOMPAKTKLASSE,MERCEDES,A-KLASSE,1413,20379
2025,6,Juni,2025-06-01,KOMPAKTKLASSE,AUDI,A3,2550,21294
2025,6,Juni,2025-06-01,KOMPAKTKLASSE,BMW,1ER,2363,21296
2025,6,Juni,2025-06-01,KOMPAKTKLASSE,MERCEDES,A-KLASSE,1549,21332
2025,7,Juli,2025-07-01,KOMPAKTKLASSE,AUDI,A3,2917,22817
2025,7,Juli,2025-07-01,KOMPAKTKLASSE,BMW,1ER,2385,22818
2025,7,Juli,2025-07-01,KOMPAKTKLASSE,MERCEDES,A-KLASSE,1615,22833
2025,8,August,2025-08-01,KOMPAKTKLASSE,AUDI,A3,2901,22421
2025,8,August,2025-08-01,KOMPAKTKLASSE,BMW,1ER,2124,22425
2025,8,August,2025-08-01,KOMPAKTKLASSE,MERCEDES,A-KLASSE,1354,22850
2025,9,September,2025-09-01,KOMPAKTKLASSE,AUDI,A3,2995,22006
2025,9,September,2025-09-01,KOMPAKTKLASSE,BMW,1ER,2777,22008
2025,9,September,2025-09-01,KOMPAKTKLASSE,MERCEDES,A-KLASSE,2062,22029
2025,10,Oktober,2025-10-01,KOMPAKTKLASSE,AUDI,A3,3333,22409
2025,10,Oktober,2025-10-01,KOMPAKTKLASSE,BMW,1ER,2616,22410
2025,10,Oktober,2025-10-01,KOMPAKTKLASSE,MERCEDES,A-KLASSE,2454,22859
2025,11,November,2025-11-01,KOMPAKTKLASSE,AUDI,A3,3016,23967
2025,11,November,2025-11-01,KOMPAKTKLASSE,BMW,1ER,2524,24001
2025,11,November,2025-11-01,KOMPAKTKLASSE,MERCEDES,A-KLASSE,1737,24016
2025,12,Dezember,2025-12-01,KOMPAKTKLASSE,AUDI,A3,3805,24449
2025,12,Dezember,2025-12-01,KOMPAKTKLASSE,BMW,1ER,2665,24450
2025,12,Dezember,2025-12-01,KOMPAKTKLASSE,MERCEDES,A-KLASSE,1285,24465
