month_number,month_start,month_name,brand,model,registrations
1,2025-01-01,Januar,AUDI,A3,2321
1,2025-01-01,Januar,BMW,1ER,1463
1,2025-01-01,Januar,MERCEDES,A-KLASSE,645
2,2025-02-01,Februar,AUDI,A3,2254
2,2025-02-01,Februar,BMW,1ER,1455
2,2025-02-01,Februar,MERCEDES,A-KLASSE,1257
3,2025-03-01,März,AUDI,A3,2718
3,2025-03-01,März,BMW,1ER,1933
3,2025-03-01,März,MERCEDES,A-KLASSE,1629
4,2025-04-01,April,AUDI,A3,2444
4,2025-04-01,April,BMW,1ER,2130
4,2025-04-01,April,MERCEDES,A-KLASSE,1480
5,2025-05-01,Mai,AUDI,A3,2792
5,2025-05-01,Mai,BMW,1ER,1858
5,2025-05-01,Mai,MERCEDES,A-KLASSE,1413
6,2025-06-01,Juni,AUDI,A3,2550
6,2025-06-01,Juni,BMW,1ER,2363
6,2025-06-01,Juni,MERCEDES,A-KLASSE,1549
7,2025-07-01,Juli,AUDI,A3,2917
7,2025-07-01,Juli,BMW,1ER,2385
7,2025-07-01,Juli,MERCEDES,A-KLASSE,1615
8,2025-08-01,August,AUDI,A3,2901
8,2025-08-01,August,BMW,1ER,2124
8,2025-08-01,August,MERCEDES,A-KLASSE,1354
9,2025-09-01,September,AUDI,A3,2995
9,2025-09-01,September,BMW,1ER,2777
9,2025-09-01,September,MERCEDES,A-KLASSE,2062
10,2025-10-01,Oktober,AUDI,A3,3333
10,2025-10-01,Oktober,BMW,1ER,2616
10,2025-10-01,Oktober,MERCEDES,A-KLASSE,2454
11,2025-11-01,November,AUDI,A3,3016
11,2025-11-01,November,BMW,1ER,2524
11,2025-11-01,November,MERCEDES,A-KLASSE,1737
12,2025-12-01,Dezember,AUDI,A3,3805
12,2025-12-01,Dezember,BMW,1ER,2665
12,2025-12-01,Dezember,MERCEDES,A-KLASSE,1285
