month_number,month_start,brand,model,registrations,segment_total,segment_share_pct
1,2025-01-01,AUDI,A3,2321,36041,6.44
1,2025-01-01,BMW,1ER,1463,36041,4.06
1,2025-01-01,MERCEDES,A-KLASSE,645,36041,1.79
2,2025-02-01,AUDI,A3,2254,35136,6.42
2,2025-02-01,BMW,1ER,1455,35136,4.14
2,2025-02-01,MERCEDES,A-KLASSE,1257,35136,3.58
3,2025-03-01,AUDI,A3,2718,40728,6.67
3,2025-03-01,BMW,1ER,1933,40728,4.75
3,2025-03-01,MERCEDES,A-KLASSE,1629,40728,4.0
4,2025-04-01,AUDI,A3,2444,40774,5.99
4,2025-04-01,BMW,1ER,2130,40774,5.22
4,2025-04-01,MERCEDES,A-KLASSE,1480,40774,3.63
5,2025-05-01,AUDI,A3,2792,39814,7.01
5,2025-05-01,BMW,1ER,1858,39814,4.67
5,2025-05-01,MERCEDES,A-KLASSE,1413,39814,3.55
6,2025-06-01,AUDI,A3,2550,42534,6.0
6,2025-06-01,BMW,1ER,2363,42534,5.56
6,2025-06-01,MERCEDES,A-KLASSE,1549,42534,3.64
7,2025-07-01,AUDI,A3,2917,43780,6.66
7,2025-07-01,BMW,1ER,2385,43780,5.45
7,2025-07-01,MERCEDES,A-KLASSE,1615,43780,3.69
8,2025-08-01,AUDI,A3,2901,32781,8.85
8,2025-08-01,BMW,1ER,2124,32781,6.48
8,2025-08-01,MERCEDES,A-KLASSE,1354,32781,4.13
9,2025-09-01,AUDI,A3,2995,41230,7.26
9,2025-09-01,BMW,1ER,2777,41230,6.74
9,2025-09-01,MERCEDES,A-KLASSE,2062,41230,5.0
10,2025-10-01,AUDI,A3,3333,42820,7.78
10,2025-10-01,BMW,1ER,2616,42820,6.11
10,2025-10-01,MERCEDES,A-KLASSE,2454,42820,5.73
11,2025-11-01,AUDI,A3,3016,41767,7.22
11,2025-11-01,BMW,1ER,2524,41767,6.04
11,2025-11-01,MERCEDES,A-KLASSE,1737,41767,4.16
12,2025-12-01,AUDI,A3,3805,39075,9.74
12,2025-12-01,BMW,1ER,2665,39075,6.82
12,2025-12-01,MERCEDES,A-KLASSE,1285,39075,3.29
